width,height,position.x,position.y,color_r,color_g,color_b,color_a,type_oval,type_rectangle,type_shapePath,type_symbolInstance,type_text,type_bitmap,type_triangle,type_slice,type_group,type_polygon,type_star,Cluster
1.0,0.7522123893805309,0.5163776493256262,0.6574746008708273,0.11372549,0.11372549,0.15686275,1.0,0.0,1,0.0,0.0,0,0.0,0.0,0.0,0.0,0.0,0.0,-1
0.9572953736654805,0.16814159292035397,0.5048169556840076,0.6937590711175617,0.18039216,0.8352941,0.4509804,1.0,0.0,1,0.0,0.0,0,0.0,0.0,0.0,0.0,0.0,0.0,-1
1.0,1.0,0.5163776493256262,0.46298984034833085,0.11372549,0.11372549,0.15686275,1.0,0.0,1,0.0,0.0,0,0.0,0.0,0.0,0.0,0.0,0.0,-1
1.0,0.7522123893805309,0.5163776493256262,0.30914368650217705,0.11372549,0.11372549,0.15686275,1.0,0.0,1,0.0,0.0,0,0.0,0.0,0.0,0.0,0.0,0.0,-1
0.9359430604982206,0.16814159292035397,0.5048169556840076,0.3454281567489114,1.0,0.2784314,0.34117648,1.0,0.0,1,0.0,0.0,0,0.0,0.0,0.0,0.0,0.0,0.0,-1
0.3736654804270463,0.16814159292035397,0.7726396917148362,0.23222060957910012,1.0,0.64705884,0.007843138,1.0,0.0,1,0.0,0.0,0,0.0,0.0,0.0,0.0,0.0,0.0,-1
0.021352313167259787,0.061946902654867256,0.653179190751445,0.03918722786647315,0.18039216,0.8352941,0.4509804,1.0,1.0,0,0.0,0.0,0,0.0,0.0,0.0,0.0,0.0,0.0,-1
0.9572953736654805,0.13761467889908258,0.5048169556840076,0.6937590711175617,0.18039216,0.8352941,0.4509804,1.0,0.0,1,0.0,0.0,0,0.0,0.0,0.0,0.0,0.0,0.0,-1
0.9359430604982206,0.13761467889908258,0.5048169556840076,0.3454281567489114,1.0,0.2784314,0.34117648,1.0,0.0,1,0.0,0.0,0,0.0,0.0,0.0,0.0,0.0,0.0,-1
0.3736654804270463,0.13761467889908258,0.7726396917148362,0.23222060957910012,1.0,0.64705884,0.007843138,1.0,0.0,1,0.0,0.0,0,0.0,0.0,0.0,0.0,0.0,0.0,-1
0.021352313167259787,0.027522935779816515,0.653179190751445,0.03918722786647315,0.18039216,0.8352941,0.4509804,1.0,1.0,0,0.0,0.0,0,0.0,0.0,0.0,0.0,0.0,0.0,-1
0.005628517823639775,0.006858710562414265,0.17797228300510576,0.2510748065348237,1.0,1.0,1.0,1.0,0.0,0,0.0,0.0,0,0.0,1.0,0.0,0.0,0.0,0.0,-1
0.6166353971232019,0.4650205761316872,0.2990517870167761,0.3757523645743766,0.34901962,0.78431374,0.0,0.101960786,0.0,1,0.0,0.0,0,0.0,0.0,0.0,0.0,0.0,0.0,-1
0.01938711694809256,0.04252400548696845,0.5149525893508388,0.4196044711951849,0.34901962,0.78431374,0.0,1.0,1.0,0,0.0,0.0,0,0.0,0.0,0.0,0.0,0.0,0.0,-1
0.01938711694809256,0.04252400548696845,0.5149525893508388,0.4196044711951849,0.34901962,0.78431374,0.0,1.0,0.0,0,1.0,0.0,0,0.0,0.0,0.0,0.0,0.0,0.0,-1
0.005628517823639775,0.006858710562414265,0.17797228300510576,0.2510748065348237,1.0,1.0,1.0,1.0,0.0,0,0.0,0.0,0,0.0,1.0,0.0,0.0,0.0,0.0,-1
0.6166353971232019,0.4650205761316872,0.2990517870167761,0.3757523645743766,0.34901962,0.78431374,0.0,0.101960786,0.0,1,0.0,0.0,0,0.0,0.0,0.0,0.0,0.0,0.0,-1
0.01938711694809256,0.04252400548696845,0.5149525893508388,0.4196044711951849,0.34901962,0.78431374,0.0,1.0,1.0,0,0.0,0.0,0,0.0,0.0,0.0,0.0,0.0,0.0,-1
0.01938711694809256,0.04252400548696845,0.5149525893508388,0.4196044711951849,0.34901962,0.78431374,0.0,1.0,0.0,0,1.0,0.0,0,0.0,0.0,0.0,0.0,0.0,0.0,-1
0.005628517823639775,0.006858710562414265,0.17797228300510576,0.2510748065348237,1.0,1.0,1.0,1.0,0.0,0,0.0,0.0,0,0.0,1.0,0.0,0.0,0.0,0.0,-1
0.6166353971232019,0.4650205761316872,0.2990517870167761,0.3757523645743766,0.34901962,0.78431374,0.0,0.101960786,0.0,1,0.0,0.0,0,0.0,0.0,0.0,0.0,0.0,0.0,-1
0.01938711694809256,0.04252400548696845,0.5149525893508388,0.4196044711951849,0.34901962,0.78431374,0.0,1.0,1.0,0,0.0,0.0,0,0.0,0.0,0.0,0.0,0.0,0.0,-1
0.01938711694809256,0.04252400548696845,0.5149525893508388,0.4196044711951849,0.34901962,0.78431374,0.0,1.0,0.0,0,1.0,0.0,0,0.0,0.0,0.0,0.0,0.0,0.0,-1
0.22764227642276422,0.7224199288256228,0.7217391304347827,0.06417582417582418,0.0,0.0,0.0,0.0,0.0,0,0.0,0.0,0,0.0,0.0,1.0,0.0,0.0,0.0,-1
0.22764227642276422,0.5884057971014494,0.7217391304347827,0.06870588235294117,0.0,0.0,0.0,0.0,0.0,0,0.0,0.0,0,0.0,0.0,1.0,0.0,0.0,0.0,-1
0.22764227642276422,0.7328519855595668,0.7217391304347827,0.09437621202327084,0.0,0.0,0.0,0.0,0.0,0,0.0,0.0,0,0.0,0.0,1.0,0.0,0.0,0.0,-1
1.0,1.0,0.70509977827051,0.9480314960629922,0.0,0.0,0.0,0.0,0.0,0,1.0,0.0,0,0.0,0.0,0.0,0.0,0.0,0.0,-1
1.0,1.0,0.0,0.07758620689655173,0.0,0.0,0.0,1.0,0.0,0,1.0,0.0,0,0.0,0.0,0.0,0.0,0.0,0.0,-1
0.37597911227154046,0.4343891402714932,0.6416382252559727,0.6116152450090744,1.0,0.011764706,0.011764706,0.078431375,0.0,0,0.0,0.0,0,1.0,0.0,0.0,0.0,0.0,0.0,-1
0.835509138381201,0.11312217194570137,0.08191126279863481,0.0,1.0,1.0,1.0,1.0,0.0,0,0.0,0.0,1,0.0,0.0,0.0,0.0,0.0,0.0,-1
1.0,0.22641509433962265,0.007518796992481203,0.0,1.0,1.0,1.0,1.0,0.0,0,0.0,0.0,1,0.0,0.0,0.0,0.0,0.0,0.0,-1
0.47896440129449847,1.0,0.593984962406015,0.573502722323049,1.0,0.011764706,0.011764706,0.078431375,0.0,0,0.0,0.0,0,1.0,0.0,0.0,0.0,0.0,0.0,-1
1.0,0.22641509433962265,0.007518796992481203,0.0,1.0,1.0,1.0,1.0,0.0,0,0.0,0.0,1,0.0,0.0,0.0,0.0,0.0,0.0,-1
0.47896440129449847,1.0,0.593984962406015,0.573502722323049,1.0,0.011764706,0.011764706,0.078431375,0.0,0,0.0,0.0,0,1.0,0.0,0.0,0.0,0.0,0.0,-1
0.2552083333333333,0.5333333333333333,0.5089959373186304,0.6918604651162791,0.34117648,0.18431373,0.11372549,0.6117647,0.0,0,0.0,0.0,0,1.0,0.0,0.0,0.0,0.0,0.0,-1
0.25195312499999994,1.0,0.6146256529309344,0.0,0.27058825,0.1254902,0.043137256,1.0,0.0,0,0.0,0.0,0,1.0,0.0,0.0,0.0,0.0,0.0,-1
0.22200520833333334,1.0,0.6117237376668602,0.0,0.84705883,0.84705883,0.84705883,1.0,0.0,0,0.0,0.0,0,1.0,0.0,0.0,0.0,0.0,0.0,-1
0.39713541666666663,0.3980392156862745,0.3975623911781776,0.0,0.43529412,0.19607843,0.101960786,1.0,0.0,0,0.0,0.0,0,1.0,0.0,0.0,0.0,0.0,0.0,-1
0.26562499999999994,1.0,0.0,0.0,0.15294118,0.17254902,0.19215687,1.0,0.0,1,0.0,0.0,0,0.0,0.0,0.0,0.0,0.0,0.0,-1
0.2825520833333333,1.0,0.7440510737086478,0.0,0.84705883,0.84705883,0.84705883,1.0,0.0,1,0.0,0.0,0,0.0,0.0,0.0,0.0,0.0,0.0,-1
0.12369791666666664,1.0,1.0,0.0,0.15294118,0.17254902,0.19215687,1.0,0.0,1,0.0,0.0,0,0.0,0.0,0.0,0.0,0.0,0.0,-1
0.0482573726541555,0.07452339688041594,0.04539007092198582,0.27568042142230026,0.0,0.0,0.0,0.0,0.0,0,0.0,0.0,0,0.0,0.0,0.0,0.0,1.0,0.0,-1
0.11231393775372125,0.9494949494949495,0.9290882778581765,0.48253968253968255,0.0,0.0,0.0,0.0,1.0,0,0.0,0.0,0,0.0,0.0,0.0,0.0,0.0,0.0,-1
1.0,0.36056338028169016,0.9999999999999999,0.15693430656934304,0.0,0.0,0.0,0.0,0.0,0,0.0,0.0,0,0.0,0.0,1.0,0.0,0.0,0.0,-1
1.0,0.36056338028169016,0.5906735751295337,0.0,0.0,0.0,0.0,0.0,0.0,0,0.0,0.0,0,0.0,0.0,1.0,0.0,0.0,0.0,-1
1.0,0.9999999999999999,1.0,0.15693430656934304,0.0,0.0,0.0,0.0,0.0,0,0.0,0.0,0,0.0,0.0,1.0,0.0,0.0,0.0,-1
1.0,0.9999999999999999,0.5074812967581047,0.0,0.0,0.0,0.0,0.0,0.0,0,0.0,0.0,0,0.0,0.0,1.0,0.0,0.0,0.0,-1
0.12037037037037036,0.5588235294117647,0.24438902743142146,0.2642335766423357,0.0,0.0,0.0,0.0,0.0,0,0.0,0.0,0,0.0,0.0,1.0,0.0,0.0,0.0,-1
0.12037037037037036,0.5588235294117647,0.06109725685785535,0.2642335766423357,0.0,0.0,0.0,0.0,0.0,0,0.0,0.0,0,0.0,0.0,1.0,0.0,0.0,0.0,-1
0.7517401392111369,0.5493562231759657,1.0000000000000002,0.12092238470191227,0.0,0.0,0.0,0.0,0.0,0,0.0,0.0,0,0.0,0.0,1.0,0.0,0.0,0.0,-1
0.7517401392111369,0.5493562231759657,0.4958519463943842,0.0,0.0,0.0,0.0,0.0,0.0,0,0.0,0.0,0,0.0,0.0,1.0,0.0,0.0,0.0,-1
0.7517401392111369,1.0,0.9999999999999999,0.19624217118997914,0.0,0.0,0.0,0.0,0.0,0,0.0,0.0,0,0.0,0.0,1.0,0.0,0.0,0.0,-1
0.16421895861148197,0.06976744186046512,0.2597402597402597,0.2767162066525124,0.0,0.0,0.0,0.0,0.0,0,0.0,0.0,0,0.0,0.0,0.0,0.0,1.0,0.0,-1
0.14015151515151517,0.029617441382147263,0.5380434782608695,0.16940363007778736,0.0,0.0,0.0,0.0,0.0,0,0.0,0.0,0,0.0,0.0,0.0,0.0,1.0,0.0,-1
0.13404825737265416,0.07589285714285714,0.649025069637883,0.23934837092731828,0.0,0.0,0.0,0.5294118,0.0,1,0.0,0.0,0,0.0,0.0,0.0,0.0,0.0,0.0,-1
0.13404825737265416,0.07589285714285714,0.649025069637883,0.26691729323308266,0.0,0.0,0.0,0.5294118,0.0,1,0.0,0.0,0,0.0,0.0,0.0,0.0,0.0,0.0,-1
0.13136729222520108,0.1294642857142857,0.8579387186629527,0.6466165413533834,0.29803923,0.8509804,0.39215687,1.0,0.0,0,1.0,0.0,0,0.0,0.0,0.0,0.0,0.0,0.0,-1
0.13136729222520108,0.1294642857142857,0.8579387186629527,0.949874686716792,0.29803923,0.8509804,0.39215687,1.0,0.0,0,1.0,0.0,0,0.0,0.0,0.0,0.0,0.0,0.0,-1
0.16353887399463807,0.7750000000000001,0.04456824512534819,0.16624685138539042,0.84705883,0.84705883,0.84705883,1.0,1.0,0,0.0,0.0,0,0.0,0.0,0.0,0.0,0.0,0.0,-1
0.07506702412868632,0.3625,0.04178272980501393,0.3060453400503778,0.9411765,0.6,0.21568628,1.0,0.0,1,0.0,0.0,0,0.0,0.0,0.0,0.0,0.0,0.0,-1
0.07506702412868632,0.3625,0.04178272980501393,0.6297229219143576,0.91764706,0.3019608,0.23921569,1.0,0.0,1,0.0,0.0,0,0.0,0.0,0.0,0.0,0.0,0.0,-1
0.07506702412868632,0.3625,0.04456824512534819,0.6863979848866498,0.91764706,0.26666668,0.34901962,1.0,0.0,1,0.0,0.0,0,0.0,0.0,0.0,0.0,0.0,0.0,-1
1.0,0.5316205533596837,0.0,0.0,0.87058824,0.74509805,0.41568628,1.0,0.0,0,1.0,0.0,0,0.0,0.0,0.0,0.0,0.0,0.0,-1
1.0,0.2509881422924901,0.0,0.0,0.8666667,0.34901962,0.3019608,1.0,0.0,1,0.0,0.0,0,0.0,0.0,0.0,0.0,0.0,0.0,-1
0.05488621151271753,0.08498023715415019,0.9157608695652174,0.04326587578506629,0.0,0.6666667,0.93333334,0.0,0.0,1,0.0,0.0,0,0.0,0.0,0.0,0.0,0.0,0.0,-1
0.7134986225895317,0.0,0.2392638036809816,0.7518796992481203,0.17254902,0.16078432,0.22352941,1.0,0.0,0,1.0,0.0,0,0.0,0.0,0.0,0.0,0.0,0.0,-1
0.33333333333333337,0.03580246913580247,0.0,0.5513784461152882,0.17254902,0.16078432,0.22352941,0.5019608,0.0,1,0.0,0.0,0,0.0,0.0,0.0,0.0,0.0,0.0,-1
1.0,0.9106753812636166,0.0,0.0,0.84705883,0.84705883,0.84705883,1.0,0.0,0,0.0,0.0,0,1.0,0.0,0.0,0.0,0.0,0.0,-1
1.0,0.2069716775599129,0.0,0.975552050473186,1.0,0.27450982,0.0,1.0,0.0,1,0.0,0.0,0,0.0,0.0,0.0,0.0,0.0,0.0,-1
0.05080213903743316,0.0392156862745098,0.042876901798063624,0.44558359621451105,1.0,0.0,0.0,1.0,0.0,0,0.0,0.0,1,0.0,0.0,0.0,0.0,0.0,0.0,-1
0.0,0.02396514161220044,0.056708160442600276,0.35646687697160884,1.0,0.0,0.0,1.0,0.0,1,0.0,0.0,0,0.0,0.0,0.0,0.0,0.0,0.0,-1
0.00267379679144385,0.006535947712418302,0.055325034578146616,0.36829652996845424,1.0,0.0,0.0,1.0,1.0,0,0.0,0.0,0,0.0,0.0,0.0,0.0,0.0,0.0,-1
1.0,0.9106753812636166,0.0,0.0,0.84705883,0.84705883,0.84705883,1.0,0.0,0,0.0,0.0,0,1.0,0.0,0.0,0.0,0.0,0.0,-1
1.0,0.2069716775599129,0.0,0.9763406940063091,1.0,0.27450982,0.0,1.0,0.0,1,0.0,0.0,0,0.0,0.0,0.0,0.0,0.0,0.0,-1
0.05080213903743316,0.0392156862745098,0.042876901798063624,0.44558359621451105,1.0,0.0,0.0,1.0,0.0,0,0.0,0.0,1,0.0,0.0,0.0,0.0,0.0,0.0,-1
0.0,0.02396514161220044,0.056708160442600276,0.35646687697160884,1.0,0.0,0.0,1.0,0.0,1,0.0,0.0,0,0.0,0.0,0.0,0.0,0.0,0.0,-1
0.00267379679144385,0.006535947712418302,0.055325034578146616,0.36829652996845424,1.0,0.0,0.0,1.0,1.0,0,0.0,0.0,0,0.0,0.0,0.0,0.0,0.0,0.0,-1
0.289544235924933,0.17228464419475656,0.7475317348377997,0.9679186228482003,1.0,0.27450982,0.0,1.0,0.0,1,0.0,0.0,0,0.0,0.0,0.0,0.0,0.0,0.0,-1
0.44279946164199196,0.18110236220472442,0.034236804564907276,0.5455108359133127,1.0,0.0,0.0,0.019607844,0.0,1,0.0,0.0,0,0.0,0.0,0.0,0.0,0.0,0.0,-1
0.11709286675639301,0.3263157894736842,0.4726224783861671,0.13364779874213836,1.0,0.0,0.0,1.0,1.0,0,0.0,0.0,0,0.0,0.0,0.0,0.0,0.0,0.0,-1
1.0,0.3333333333333333,0.0,0.9732704402515724,1.0,0.27450982,0.0,1.0,0.0,1,0.0,0.0,0,0.0,0.0,0.0,0.0,0.0,0.0,-1
0.5455373406193078,0.9999999999999999,0.15369458128078817,1.0,0.039215688,0.0,0.105882354,1.0,0.0,0,0.0,0.0,0,1.0,0.0,0.0,0.0,0.0,0.0,-1
0.5651785714285714,1.0,0.12952898550724637,1.0,0.039215688,0.0,0.105882354,1.0,0.0,0,0.0,0.0,0,1.0,0.0,0.0,0.0,0.0,0.0,-1
0.5054446460980035,0.22859483818107332,0.5786163522012578,0.6106696935300795,0.14509805,0.8901961,0.92156863,1.0,0.0,0,0.0,0.0,0,1.0,0.0,0.0,0.0,0.0,0.0,-1
1.0,0.4879147890208931,0.0,0.5535991714137752,0.0,0.0,0.0,0.0,0.0,0,0.0,0.0,0,0.0,0.0,0.0,1.0,0.0,0.0,-1
0.6315270935960591,0.46194926568758343,0.27744807121661724,0.2407766990291262,0.0,0.0,0.0,0.0,0.0,0,0.0,0.0,0,0.0,0.0,0.0,1.0,0.0,0.0,-1
0.61871921182266,0.5847797062750334,0.5741839762611276,0.0,0.0,0.0,0.0,0.0,0.0,0,0.0,0.0,0,0.0,0.0,0.0,0.0,0.0,1.0,-1
0.522167487684729,0.47797062750333785,0.0,0.7592233009708738,0.0,0.0,0.0,0.0,0.0,0,0.0,0.0,0,0.0,0.0,0.0,0.0,0.0,1.0,-1
0.3605911330049261,0.39118825100133514,0.9629080118694362,0.8854368932038834,0.0,0.0,0.0,0.0,0.0,0,0.0,0.0,0,0.0,0.0,0.0,0.0,0.0,1.0,-1
0.15204678362573099,0.1283422459893048,0.31875000000000003,0.9709379128137385,0.95686275,0.14117648,0.2509804,1.0,0.0,1,0.0,0.0,0,0.0,0.0,0.0,0.0,0.0,0.0,-1
0.12280701754385964,0.010695187165775402,0.33437500000000003,1.0,1.0,0.8,0.0,1.0,0.0,1,0.0,0.0,0,0.0,0.0,0.0,0.0,0.0,0.0,-1
0.0,0.0,0.41875,0.965653896961691,1.0,0.8,0.0,1.0,1.0,0,0.0,0.0,0,0.0,0.0,0.0,0.0,0.0,0.0,-1
0.0,0.0,0.41875,0.9709379128137385,1.0,0.8,0.0,1.0,1.0,0,0.0,0.0,0,0.0,0.0,0.0,0.0,0.0,0.0,-1
0.0,0.0,0.41250000000000003,0.9682959048877147,1.0,0.8,0.0,1.0,1.0,0,0.0,0.0,0,0.0,0.0,0.0,0.0,0.0,0.0,-1
0.0,0.0,0.42500000000000004,0.9682959048877147,1.0,0.8,0.0,1.0,1.0,0,0.0,0.0,0,0.0,0.0,0.0,0.0,0.0,0.0,-1
0.9385964912280701,0.9999999999999999,0.11250000000000002,0.6459709379128138,0.8666667,0.63529414,0.0,1.0,0.0,1,0.0,0.0,0,0.0,0.0,0.0,0.0,0.0,0.0,-1
0.9385964912280701,0.9999999999999999,0.11250000000000002,0.6525759577278732,0.96862745,0.70980394,0.0,1.0,0.0,1,0.0,0.0,0,0.0,0.0,0.0,0.0,0.0,0.0,-1
0.005847953216374269,0.010695187165775402,0.07187500000000001,0.4200792602377807,1.0,0.8,0.0,1.0,1.0,0,0.0,0.0,0,0.0,0.0,0.0,0.0,0.0,0.0,-1
1.0,0.4601226993865031,0.03636363636363636,0.8828571428571429,0.84705883,0.84705883,0.84705883,1.0,1.0,0,0.0,0.0,0,0.0,0.0,0.0,0.0,0.0,0.0,-1
1.0,0.4601226993865031,0.03636363636363636,0.8828571428571429,0.84705883,0.84705883,0.84705883,1.0,1.0,0,0.0,0.0,0,0.0,0.0,0.0,0.0,0.0,0.0,-1
0.3268698060941828,0.23312883435582823,0.6636363636363637,0.6471428571428571,0.95686275,0.14117648,0.2509804,1.0,0.0,1,0.0,0.0,0,0.0,0.0,0.0,0.0,0.0,0.0,-1
0.9778393351800555,0.6288343558282209,0.0,0.40714285714285714,0.84705883,0.84705883,0.84705883,1.0,0.0,0,0.0,0.0,0,1.0,0.0,0.0,0.0,0.0,0.0,-1
0.14958448753462603,0.17791411042944785,0.9666666666666667,0.5942857142857143,0.95686275,0.14117648,0.2509804,1.0,0.0,1,0.0,0.0,0,0.0,0.0,0.0,0.0,0.0,0.0,-1
0.005405405405405406,0.008810572687224669,0.10843373493975904,0.42084432717678094,0.95686275,0.14117648,0.2509804,1.0,1.0,0,0.0,0.0,0,0.0,0.0,0.0,0.0,0.0,0.0,-1
0.14054054054054055,0.10572687224669604,0.3463855421686747,0.9709762532981531,0.95686275,0.14117648,0.2509804,1.0,0.0,1,0.0,0.0,0,0.0,0.0,0.0,0.0,0.0,0.0,-1
0.11351351351351352,0.008810572687224669,0.3614457831325301,0.9999999999999999,0.95686275,0.14117648,0.2509804,1.0,0.0,1,0.0,0.0,0,0.0,0.0,0.0,0.0,0.0,0.0,-1
0.0,0.0,0.4427710843373494,0.9656992084432717,0.95686275,0.14117648,0.2509804,1.0,1.0,0,0.0,0.0,0,0.0,0.0,0.0,0.0,0.0,0.0,-1
0.0,0.0,0.4427710843373494,0.9709762532981531,0.95686275,0.14117648,0.2509804,1.0,1.0,0,0.0,0.0,0,0.0,0.0,0.0,0.0,0.0,0.0,-1
0.0,0.0,0.4367469879518072,0.9683377308707125,0.95686275,0.14117648,0.2509804,1.0,1.0,0,0.0,0.0,0,0.0,0.0,0.0,0.0,0.0,0.0,-1
0.0,0.0,0.4487951807228916,0.9683377308707125,0.95686275,0.14117648,0.2509804,1.0,1.0,0,0.0,0.0,0,0.0,0.0,0.0,0.0,0.0,0.0,-1
0.8675675675675676,0.8237885462555067,0.14759036144578314,0.6464379947229552,0.8666667,0.63529414,0.0,1.0,0.0,1,0.0,0.0,0,0.0,0.0,0.0,0.0,0.0,0.0,-1
0.9216216216216216,1.0,0.08734939759036145,0.6398416886543535,0.96862745,0.70980394,0.0,1.0,0.0,1,0.0,0.0,0,0.0,0.0,0.0,0.0,0.0,0.0,-1
1.0,1.0,0.5270805812417437,0.9218106995884775,0.0,0.0,0.0,0.0,0.0,1,0.0,0.0,0,0.0,0.0,0.0,0.0,0.0,0.0,-1
0.12280701754385964,1.0,0.463623395149786,0.13804437140509448,0.0,0.0,0.0,0.0,1.0,0,0.0,0.0,0,0.0,0.0,0.0,0.0,0.0,0.0,-1
0.8324022346368715,0.8669064748201439,0.40472175379426645,0.7136627906976744,0.20784314,0.14901961,0.25490198,1.0,0.0,1,0.0,0.0,0,0.0,0.0,0.0,0.0,0.0,0.0,-1
0.07821229050279331,1.0,0.9106239460370995,0.2805232558139535,1.0,1.0,1.0,1.0,0.0,1,0.0,0.0,0,0.0,0.0,0.0,0.0,0.0,0.0,-1
0.07821229050279331,0.3237410071942446,0.9106239460370995,0.5537790697674418,0.28627452,0.28627452,0.28627452,1.0,0.0,1,0.0,0.0,0,0.0,0.0,0.0,0.0,0.0,0.0,-1
0.08469945355191257,0.04808877928483354,0.9281437125748504,0.46616541353383456,0.29803923,0.8509804,0.39215687,1.0,0.0,1,0.0,0.0,0,0.0,0.0,0.0,0.0,0.0,0.0,-1
1.0,0.35141800246609123,0.0,0.0,0.23137255,0.21568628,0.87058824,1.0,0.0,1,0.0,0.0,0,0.0,0.0,0.0,0.0,0.0,0.0,-1
0.592391304347826,0.0,0.2336448598130841,0.5764411027568922,0.23137255,0.21568628,0.87058824,0.101960786,0.0,1,0.0,0.0,0,0.0,0.0,0.0,0.0,0.0,0.0,-1
